Hedatuz,http://datahub.io/dataset/hedatuz
ACM,http://datahub.io/dataset/rkb-explorer-acm
DBLP,http://datahub.io/dataset/rkb-explorer-dblp
AEMET,http://datahub.io/dataset/aemet
Budapest,http://datahub.io/dataset/rkb-explorer-budapest
Citeseer,http://datahub.io/dataset/rkb-explorer-citeseer
Courseware,http://datahub.io/dataset/rkb-explorer-courseware
LCSH,http://datahub.io/dataset/lcsh
PSH,http://datahub.io/dataset/psh-subject-headings
LinkedGeoData,http://datahub.io/dataset/linkedgeodata
DailyMed,http://datahub.io/dataset/fu-berlin-dailymed
DrugBank,http://datahub.io/dataset/bio2rdf-drugbank
TCM,http://datahub.io/dataset/tcmgenedit_dataset
Colinda,http://datahub.io/dataset/colinda
Corruption Perception Index,http://datahub.io/dataset/transparency-linked-data
NDLSH,http://datahub.io/dataset/national-diet-library-subject-headings
Newcastle,http://datahub.io/dataset/rkb-explorer-newcastle
OAI Similarity,http://datahub.io/dataset/core
OSM Semantic Network,http://datahub.io/dataset/osm-semantic-network
Yovisto,http://datahub.io/dataset/yovisto
edustats,http://datahub.io/dataset/education-data-gov-uk
OntosNews,http://datahub.io/dataset/ontos-news-portal
Lexvo,http://datahub.io/dataset/lexvo
Cordis,http://datahub.io/dataset/rkb-explorer-cordis
SDG,http://datahub.io/dataset/semantic-web-dog-food
NTNU,http://datahub.io/dataset/ntnusc
lingvoj,http://datahub.io/dataset/lingvoj
lov,http://datahub.io/dataset/linked-open-vocabularies-lov
omim,http://datahub.io/dataset/bio2rdf-omim
interpro,http://datahub.io/dataset/bio2rdf-interpro
hgnc,http://datahub.io/dataset/bio2rdf-hgnc
homologene,http://datahub.io/dataset/bio2rdf-homologene
nyt,http://datahub.io/dataset/nytimes-linked-open-data
fao,http://datahub.io/dataset/fao-linked-data
reegle,http://datahub.io/dataset/clean-energy-data-reegle
thesesfr,http://datahub.io/dataset/thesesfr
police,http://datahub.io/dataset/hellenic-police
fire,http://datahub.io/dataset/hellenic-fire-brigade
telegraphis,http://datahub.io/dataset/telegraphis
archiveshub,http://datahub.io/dataset/archiveshub-linkeddata
semanticweb,http://datahub.io/dataset/semanticweb-org
dcs,http://datahub.io/dataset/dcs-sheffield
eu-institutions,http://datahub.io/dataset/eu-institutions
lem,http://datahub.io/dataset/lista-encabezamientos-materia
ddc,http://datahub.io/dataset/dewey_decimal_classification
geolinkeddata,http://datahub.io/dataset/geolinkeddata
finnish-municipalities,http://datahub.io/dataset/finnish-municipalities
earth,http://datahub.io/dataset/environmental-applications-reference-thesaurus
linkedmdb,http://datahub.io/dataset/linkedmdb
nvd,http://datahub.io/dataset/nvd
klapp,http://datahub.io/dataset/klappstuhlclub
gba,http://datahub.io/dataset/geological-survey-of-austria-thesaurus
court,http://datahub.io/dataset/courts-thesaurus
german-labour,http://datahub.io/dataset/german-labor-law-thesaurus
jamendo,http://datahub.io/dataset/jamendo-dbtune
peel,http://datahub.io/dataset/dbtune-john-peel-sessions
stw,http://datahub.io/dataset/stw-thesaurus-for-economics
iserve,http://datahub.io/dataset/iserve
rae2001,http://datahub.io/dataset/rkb-explorer-rae2001
irit,http://datahub.io/dataset/rkb-explorer-irit
ulm,http://datahub.io/dataset/rkb-explorer-ulm
ft,http://datahub.io/dataset/rkb-explorer-ft
esoteric,http://datahub.io/dataset/temple-ov-thee-lemur-datasets
era,http://datahub.io/dataset/rkb-explorer-era
risk,http://datahub.io/dataset/rkb-explorer-risks
deploy,http://datahub.io/dataset/rkb-explorer-deploy
deepblue,http://datahub.io/dataset/rkb-explorer-deepblue
southampton,http://datahub.io/dataset/rkb-explorer-southampton
nsf,http://datahub.io/dataset/rkb-explorer-nsf
ibm,http://datahub.io/dataset/rkb-explorer-ibm
eurecom,http://datahub.io/dataset/rkb-explorer-eurecom
roma,http://datahub.io/dataset/rkb-explorer-roma
curriculum,http://datahub.io/dataset/rkb-explorer-curriculum
os,http://datahub.io/dataset/rkb-explorer-os
unlocode,http://datahub.io/dataset/rkb-explorer-unlocode
darmstadt,http://datahub.io/dataset/rkb-explorer-darmstadt
pisa,http://datahub.io/dataset/rkb-explorer-pisa
jisc,http://datahub.io/dataset/rkb-explorer-jisc
wiki,http://datahub.io/dataset/rkb-explorer-wiki
ieee,http://datahub.io/dataset/rkb-explorer-ieee
eunis,http://datahub.io/dataset/eunis
enipedia,http://datahub.io/dataset/enipedia
cnr,http://datahub.io/dataset/data-cnr-it
indiana,http://datahub.io/dataset/vivo-indiana-university
crime,http://datahub.io/dataset/rkb-explorer-crime
gtaa,http://datahub.io/dataset/gemeenschappelijke-thesaurus-audiovisuele-archieven
sec,http://datahub.io/dataset/sec-rdfabout
elviajero,http://datahub.io/dataset/elviajero
educational-program,http://datahub.io/dataset/educationalprograms_sisvu
geospecies,http://datahub.io/dataset/geospecies
pleiades,http://datahub.io/dataset/pleiades
core,http://datahub.io/dataset/core
bfs,http://datahub.io/dataset/bfs-linked-data
eurostats,http://datahub.io/dataset/the-eurostat-linked-data
w3c-wordnet,http://datahub.io/dataset/w3c-wordnet
dotac,http://datahub.io/dataset/rkb-explorer-dotac
eprints,http://datahub.io/dataset/rkb-explorer-eprints
sider,http://datahub.io/dataset/fu-berlin-sider
medicare,http://datahub.io/dataset/fu-berlin-medicare
sgd,http://datahub.io/dataset/bio2rdf-sgd
pdb,http://datahub.io/dataset/bio2rdf-pdb
genbank,http://datahub.io/dataset/bio2rdf-genbank
mgi,http://datahub.io/dataset/bio2rdf-mgi
pubmed,http://datahub.io/dataset/bio2rdf-pubmed
kegg,http://datahub.io/dataset/bio2rdf-kegg-pathway
gutenberg,http://datahub.io/dataset/fu-berlin-project-gutenberg
factbook,http://datahub.io/dataset/world-factbook-fu-berlin
oceandrilling,http://datahub.io/dataset/oceandrilling-codices
britishmuseum,http://datahub.io/dataset/british-museum-collection
chembl,http://datahub.io/dataset/farmbio-chembl
thesoz,http://datahub.io/dataset/gesis-thesoz
oai,http://datahub.io/dataset/rkb-explorer-oai
kisti,http://datahub.io/dataset/rkb-explorer-kisti
resex,http://datahub.io/dataset/rkb-explorer-resex
wordnet_rkb,http://datahub.io/dataset/rkb-explorer-wordnet
oxpoints,http://datahub.io/dataset/oxpoints
lod_ecology,http://datahub.io/dataset/linked-open-data-of-ecology
feedback,http://datahub.io/dataset/linked-user-feedback
lichfield,http://datahub.io/dataset/lichfield-spending
morelab,http://datahub.io/dataset/morelab
open_energy,http://datahub.io/dataset/open-energy-info-wiki
nszl,http://datahub.io/dataset/hungarian-national-library-catalog
sztaki,http://datahub.io/dataset/sztaki-lod
eea,http://datahub.io/dataset/eea
musicbrainz,http://datahub.io/dataset/dbtune-musicbrainz
open_ac_uk,http://datahub.io/dataset/data-open-ac-uk
